{
    "Tags": [
        {
            "Tag": "Root",
            "MainColor": {
                "r": 1.0,
                "g": 1.0,
                "b": 1.0,
                "a": 1.0
            },
            "SecondaryColor": {
                "r": 0.4000000059604645,
                "g": 0.4000000059604645,
                "b": 0.4000000059604645,
                "a": 1.0
            },
            "Description": "The root tag"
        },
        {
            "Tag": "Tag1",
            "MainColor": {
                "r": 0.9811320900917053,
                "g": 0.7541167736053467,
                "b": 0.14346742630004884,
                "a": 1.0
            },
            "SecondaryColor": {
                "r": 0.39245283603668215,
                "g": 0.30164670944213869,
                "b": 0.05738697201013565,
                "a": 1.0
            },
            "Description": "Group of all Notes"
        }
    ]
}