{"cameraMode":{"drawMode":0,"name":"Shaded","section":"Shading Mode"},"sceneLighting":false,"audioPlay":false,"sceneViewState":{"showFog":true,"showMaterialUpdate":false,"showSkybox":false,"showFlares":true,"showImageEffects":true,"showParticleSystems":true},"in2DMode":false,"pivot":{"x":-0.28109997510910036,"y":0.3052603602409363,"z":0.12763404846191407},"rotation":{"x":0.237689808011055,"y":-0.01019737683236599,"z":0.002504422329366207,"w":0.9712843894958496},"size":0.9921150803565979,"orthographic":true}