{"cameraMode":{"drawMode":0,"name":"Shaded","section":"Shading Mode"},"sceneLighting":false,"audioPlay":false,"sceneViewState":{"showFog":true,"showMaterialUpdate":false,"showSkybox":false,"showFlares":true,"showImageEffects":true,"showParticleSystems":true},"in2DMode":false,"pivot":{"x":6.289999961853027,"y":-0.07335805892944336,"z":1.5099999904632569},"rotation":{"x":-0.010499558411538601,"y":-0.007499333005398512,"z":0.0000787496828706935,"w":-0.9999167919158936},"size":5.445234775543213,"orthographic":false}